Word,General Offensiveness (1 through 4),Sexual,Racist,Sexist,Drug-related
420,,,,,2
666,2,,,,
69,,2,,,
2 girls 1 cup,,3,,,
2g1c,,2,,,
4r5e,1,,,,
5h1t,1,,,,
5hit,1,,,,
a_s_s,,2,,,
a55,,2,,,
abbo,,,3,,
abo,,,3,,
abortion,,2,,,
acrotomophilia,,3,,,
african,,,1,,
alabama hot pocket,,3,,,
alaskan pipeline,,3,,,
alla,,,1,,
allah,,,1,,
alligator bait,,,4,,
amateur,,2,,,
anal,,3,,,
anal sex,,3,,,
anilingus,,4,,,
anus,,3,,,
apeshit,1,,,,
ar5e,,1,,,
arab,,,1,,
arabs,,,1,,
areola,,2,,,
,,,,,
aroused,,2,,,
arousing,,2,,,
arrse,,1,,,
arse,,1,,,
arsehole,2,2,,,
asian,,,1,,
ass,,,,,
,,,,,
,,,,,
,,,,,
,,,,,
assbagger,,,,,
assblaster,,,,,
assclown,,,,,
asscowboy,,,,,
asses,,,,,
assfuck,,,,,
assfucker,,,,,
ass-fucker,,,,,
assfukka,,,,,
asshat,,,,,
asshole,,,,,
assholes,,,,,
asshore,,,,,
assjockey,,,,,
asskiss,,,,,
asskisser,,,,,
assklown,,,,,
asslick,,,,,
asslicker,,,,,
asslover,,,,,
assman,,,,,
assmonkey,,,,,
assmunch,,,,,
assmuncher,,,,,
asspacker,,,,,
asspirate,,,,,
asspuppies,,,,,
assranger,,,,,
asswhole,,,,,
asswhore,,,,,
asswipe,,,,,
athletesfoot,,,,,
auto erotic,,,,,
b!tch,,,,,
b00bs,,,,,
b17ch,,,,,
b1tch,,,,,
babe,,,,1,
babeland,,3,,,
baby batter,,2,,,
baby juice,,2,,,
backdoor,,2,,,
backdoorman,,3,,,
backseat,,2,,,
badfuck,,3,,,
ball gag,,3,,,
ball gravy,,3,,,
ball kicking,,2,,,
ball licking,,3,,,
ball sack,,2,,,
ball sucking,,3,,,
ballbag,,1,,,
balllicker,,2,,,
balls,,1,,,
bangbros,,4,,,
banging,,2,,,
bareback,,3,,,
barely legal,,3,,,
barenaked,,2,,,
bast,1,,,,
bastard,2,,,,
bastardo,2,,,,
bastinado,2,,,,
bazongas,,2,,,
bazooms,,1,,,
bbw,,3,,,
bdsm,,2,,,
beaner,,,2,,
beaners,,,2,,
beastality,,2,,,
beastial,,2,,,
beastiality,,2,,,
beatoff,,2,,,
beat-off,,2,,,
beatyourmeat,,2,,,
beaver,,2,,,
beaver cleaver,,3,,,
beaver lips,,3,,,
bellend,1,,,,
bestial,,,,,
bestiality,,2,,,
bi+ch,,,,2,
biatch,,,,2,
,,,,,
bicurious,,2,,,
big bastard,,,,,
big black,,3,,,
big breasts,,3,,,
big knockers,,2,,,
big tits,,3,,,
bigbutt,,2,,,
,,,,,
bimbos,,3,,3,
birdlock,,,,,
bisexual,,2,,,
,,2,,,
bitch,,,,2,
bitcher,,,,,
bitchers,,,,,
bitches,,,,,
bitchez,,,,,
bitchin,,,,,
bitching,,,,,
bitchslap,,,,,
bitchy,,,,,
biteme,,,,,
,,,,,
black cock,,3,,2,
blackman,,,,1,
,,,,,
blacks,,,,2,
,,,,,
blonde action,,,,,
blonde on blonde action,,,,,
bloody,,,,,
blow,,,,,
blow job,,,,,
blow your load,,,,,
blowjobs,,,,,
blue waffle,,,,,
blumpkin,,,,,
boang,,,,,
bogan,,,,,
bohunk,,,,,
boiolas,,,,,
,,,,,
bollock,1,,,,
bollocks,1,,,,
bollok,1,,,,
bomb,1,,,,
bombers,2,,,,
bombing,2,,,,
bombs,2,,,,
,,,,,
bondage,,3,,,
boner,,3,,,
bong,,,,,2
boob,,2,,,
boobies,,2,,,
boobs,,2,,,
booby,,2,,,
boody,,2,,,
boong,,,,,
boonga,,,,,
boonie,,,,,
booobs,,,,,
boooobs,,,,,
booooobs,,,,,
booooooobs,,,,,
booty,,2,,,
booty call,,2,,,
bountybar,,,,,
bra,,,,,
brea5t,,2,,,
breast,,2,,,
breastjob,,2,,,
breastlover,,2,,,
breastman,,2,,,
breasts,,2,,,
brothel,,2,,,
brown showers,,3,,,
brunette action,,3,,,
buceta,,,,,
bugger,,,,,
buggered,,,,,
buggery,,,,,
bukkake,,,,,
bullcrap,,,,,
bulldike,,,,,
bulldyke,,,,,
bullet vibe,,,,,
bullshit,,,,,
bum,,,,,
bumblefuck,,,,,
bumfuck,,,,,
bung hole,,,,,
bunga,,,,,
bunny fucker,,,,,
buried,,,,,
burn,,,,,
busty,,,,,
butchbabes,,,,,
butchdike,,,,,
butchdyke,,,,,
butt,,,,,
buttbang,,,,,
butt-bang,,,,,
buttcheeks,,,,,
buttface,,,,,
buttfuck,,,,,
butt-fuck,,,,,
buttfucker,,,,,
butt-fucker,,,,,
buttfuckers,,,,,
butt-fuckers,,,,,
butthead,,,,,
butthole,,,,,
buttman,,,,,
buttmuch,,,,,
buttmunch,,,,,
buttmuncher,,,,,
buttpirate,,,,,
buttplug,,,,,
buttstain,,,,,
byatch,,,,,
c0ck,,,,,
c0cksucker,,,,,
cacker,,,,,
camel toe,,,,,
cameljockey,,,,,
camgirl,,,,,
camslut,,,,,
camwhore,,,,,
canadian,,,,,
cancer,,,,,
carpet muncher,,,,,
carruth,,,,,
catholic,,,,,
catholics,,,,,
cawk,,,,,
cemetery,,,,,
chav,,,,,
cherrypopper,,3,,,
chickslick,,,,,
chin,,,,,
chinaman,,,,,
chinamen,,,,,
chinese,,,,,
chink,,,,,
chinky,,,,,
choad,,,,,
chocolate rosebuds,,,,,
chode,,,,,
cum dumpster,,4,,4,
cipa,,,,,
circlejerk,,,,,
cl1t,,,,,
clamdigger,,,,,
clamdiver,,,,,
cleveland steamer,,,,,
clit,,,,,
clitoris,,,,,
clits,,,,,
clogwog,,,,,
clover clamps,,,,,
clusterfuck,,,,,
cnut,,,,,
cocaine,,,,,
cock,,,,,
cockblock,,,,,
cockblocker,,,,,
cockcowboy,,,,,
cockface,,,,,
cockfight,,,,,
cockhead,,,,,
cockknob,,,,,
cocklicker,,,,,
cocklover,,,,,
cockmunch,,,,,
cockmuncher,,,,,
cocknob,,,,,
cockqueen,,,,,
cockrider,,,,,
cocks,,,,,
cocksman,,,,,
cocksmith,,,,,
cocksmoker,,,,,
cocksucer,,,,,
cocksuck,,,,,
cocksucked,,,,,
cocksucker,,,,,
cock-sucker,,,,,
cocksucking,,,,,
cocksucks,,,,,
cocksuka,,,,,
cocksukka,,,,,
cocktail,,,,,
cocktease,,,,,
cocky,,,,,
cohee,,,,,
coitus,,,,,
cok,,,,,
cokmuncher,,,,,
coksucka,,,,,
color,,,,,
colored,,,,,
coloured,,,,,
commie,,,,,
communist,,,,,
condom,,,,,
conservative,,,,,
conspiracy,,,,,
coolie,,,,,
cooly,,,,,
coon,,,,,
coondog,,,,,
coons,,,,,
coprolagnia,,,,,
coprophilia,,,,,
copulate,,,,,
cornhole,,,,,
corruption,,,,,
cox,,2,,,
cra5h,,,,,
crabs,,,,,
crack,,,,,
crackpipe,,,,,
crackwhore,,,,,
crack-whore,,,,,
crap,,,,,
crapola,,,,,
crapper,,,,,
crappy,,,,,
crash,,,,,
creampie,,,,,
creamy,,,,,
cuck,,,,,
cucked,,,,,
crotch,,1,,,
crotchjockey,,2,,,
crotchmonkey,,2,,,
crotchrot,,3,,,
cum,,3,,,
cumbubble,,4,,,
cumfest,,4,,,
cumjockey,,4,,3,
cumm,,3,,,
cummer,,3,,,
cumming,,3,,,
cumquat,,3,,,
cumqueen,,3,,3,
cums,,3,,,
cumshot,,4,,,
cunilingus,,3,,,
cunillingus,,3,,,
cunn,,,,,
cunnilingus,,3,,,
cunntt,,3,,4,
cunt,,3,,4,
cunteyed,,2,,,
cuntfuck,,4,,,
cuntfucker,,4,,,
cuntlick,,4,,,
cuntlicker,,4,,,
cuntlicking,,,,,
cunts,,,,,
cuntsucker,,,,,
cyalis,,,,,
cyberfuc,,,,,
cyberfuck,,,,,
cyberfucked,,,,,
cyberfucker,,,,,
cyberfuckers,,,,,
cyberfucking,,,,,
cybersex,,,,,
cyberslimer,,,,,
d1ck,,,,,
dago,,,,,
dahmer,,,,,
dammit,,,,,
damn,,,,,
damnation,,,,,
damnit,,,,,
darkie,,,,,
darky,,,,,
date rape,,,,,
datnigga,,,,,
dead,,,,,
deapthroat,,,,,
death,,,,,
deep throat,,,,,
defecate,,,,,
dego,,,,,
demon,,,,,
dendrophilia,,,,,
deposit,,,,,
desire,,,,,
destroy,,,,,
deth,,,,,
devil,,,,,
devilworshipper,,,,,
dick,,,,,
dickbrain,,,,,
dickforbrains,,,,,
dickhead,,,,,
dickless,,,,,
dicklick,,,,,
dicklicker,,,,,
dickman,,,,,
dickwad,,,,,
dickweed,,,,,
diddle,,,,,
die,,,,,
died,,,,,
dies,,,,,
dike,,,,,
dildo,,,,,
dildos,,,,,
dingleberries,,,,,
dingleberry,,,,,
dink,,,,,
dinks,,,,,
dipshit,,,,,
dipstick,,,,,
dirsa,,,,,
dirty,,,,,
dirty pillows,,,,,
dirty sanchez,,,,,
disease,,,,,
diseases,,,,,
disturbed,,,,,
dive,,,,,
dix,,,,,
dixiedike,,,,,
dixiedyke,,,,,
dlck,,,,,
dog style,,,,,
dog-fucker,,,,,
doggie style,,,,,
doggin,,,,,
dogging,,,,,
doggy style,,,,,
dolcett,,,,,
domination,,,,,
dominatrix,,,,,
dommes,,,,,
dong,,,,,
donkey punch,,,,,
donkeyribber,,,,,
doodoo,,,,,
doo-doo,,,,,
doosh,,,,,
dope,,,,,1
double dong,,,,,
double penetration,,,,,
dp action,,,,,
dragqueen,,,,,
dragqween,,,,,
dripdick,,,,,
drug,,,,,1
drunk,,,,,
drunken,,,,,
dry hump,,,,,
duche,,,,,
dumb,,,,,
dumbass,,,,,
dumbbitch,,,,,
dumbfuck,,,,,
dvda,,,,,
dyefly,,,,,
dyke,,,,,
easyslut,,,,,
eat my ass,,,,,
eatballs,,,,,
eatme,,,,,
eatpussy,,,,,
ecchi,,,,,
ecstacy,,,,,
ejaculate,,,,,
ejaculated,,,,,
ejaculates,,,,,
ejaculating,,,,,
ejaculatings,,,,,
ejaculation,,,,,
ejakulate,,,,,
enema,,,,,
enemy,,,,,
erect,,,,,
erection,,,,,
ero,,1,,,
erotic,,2,,,
erotism,,2,,,
escort,,2,,,
ethnic,,,1,,
eunuch,,,2,,
execute,,,,,
executed,,,,,
execution,,,,,
executioner,,,,,
explosion,,,,,
f u c k,,,,,
f u c k e r,,,,,
f_u_c_k,,,,,
f4nny,,,,,
facefucker,,,,,
faeces,,,,,
fag,,,,,
fagging,,,,,
faggitt,,,,,
faggot,,,,,
faggs,,,,,
fagot,,,,,
fagots,,,,,
fags,,,,,
fairies,,,,,
fairy,,,,,
faith,,,,,
fanny,,,,,
fannyflaps,,,,,
fannyfucker,,,,,
fanyy,,,,,
fart,,,,,
fastfuck,,,,,
fat,,,,,
fatah,,,,,
fatass,,,,,
fatfuck,,,,,
fatfucker,,,,,
fatso,,,,,
fckcum,,,,,
fcuk,,,,,
fcuker,,,,,
fcuking,,,,,
fear,,,,,
fecal,,,,,
feces,,,,,
feck,,,,,
fecker,,,,,
felch,,,,,
felcher,,,,,
felching,,,,,
fellate,,,,,
fellatio,,,,,
feltch,,,,,
feltcher,,,,,
feltching,,,,,
female squirting,,,,,
femdom,,,,,
fetish,,2,,,
figging,,,,,
filipina,,,,2,
fingerbang,,,,,
fingerfood,,,,,
fingerfuck,,,,,
fingerfucked,,,,,
fingerfucker,,,,,
fingerfuckers,,,,,
fingerfucking,,,,,
fingerfucks,,,,,
fingering,,,,,
fister,,,,,
fistfuck,,,,,
fistfucked,,,,,
fistfucker,,,,,
fistfuckers,,,,,
fistfucking,,,,,
fistfuckings,,,,,
fistfucks,,,,,
fisting,,,,,
flasher,,,,,
flatulence,,,,,
flydie,,,,,
flydye,,,,,
fok,,,,,
fondle,,,,,
fook,,,,,
fooker,,,,,
foot fetish,,,,,
footaction,,,,,
footfuck,,,,,
footfucker,,,,,
footjob,,,,,
footlicker,,,,,
footstar,,,,,
fore,,,,,
foreskin,,,,,
forni,,,,,
fornicate,,,,,
foursome,,,,,
fourtwenty,,,,,
fraud,,,,,
freakfuck,,,,,
freakyfucker,,,,,
freefuck,,,,,
frotting,,,,,
fu,,,,,
fubar,,,,,
fuc,,,,,
fucck,,,,,
fuck buttons,,,,,
fucka,,,,,
fuckable,,,,,
fuckbag,,,,,
fuckbuddy,,,,,
fucked,,,,,
fuckedup,,,,,
fuckers,,,,,
fuckface,,,,,
fuckfest,,,,,
fuckfreak,,,,,
fuckfriend,,,,,
fuckhead,,,,,
fuckheads,,,,,
fuckher,,,,,
fuckin,,,,,
fuckina,,,,,
fucking,,,,,
fuckingbitch,,,,,
fuckings,,,,,
fuckingshitmotherfucker,,,,,
fuckinnuts,,,,,
fuckinright,,,,,
fuckit,,,,,
fuckknob,,,,,
fuckme,,,,,
fuckmehard,,,,,
fuckmonkey,,,,,
fuckoff,,,,,
fuckpig,,,,,
fucks,,,,,
fucktard,,,,,
fucktards,,,,,
fuckwhit,,,,,
fuckwhore,,,,,
fuckwit,,,,,
fuckyou,,,,,
fudge packer,,,,,
fugly,,,,,
fuk,,,,,
fuker,,,,,
fukker,,,,,
fukkin,,,,,
fuks,,,,,
fukwhit,,,,,
fukwit,,,,,
funeral,,,,,
funfuck,,,,,
fungus,,,,,
futanari,,,,,
fuuck,,,,,
fux,,,,,
fux0r,,,,,
gang bang,,,,,
gangbanged,,,,,
gangbanger,,,,,
gangbangs,,,,,
gangsta,,,,,
gatorbait,,,,,
gay,,,,,
gay sex,,,,,
gaylord,,,,,
gaymuthafuckinwhore,,,,,
geez,,,,,
geezer,,,,,
geni,,,,,
genital,1,1,,,
genitals,1,1,,,
getiton,,,,,
giant cock,,,,,
gin,,,,,
ginzo,,,,,
gipp,,,,,
girl on,,,,,
girl on top,,,,,
girls,,,,,
girls gone wild,,,,,
givehead,,,,,
glazeddonut,,,,,
goatcx,,,,,
goatse,,,,,
gob,,,,,
gokkun,,,,,
golden shower,,,,,
gonorrehea,,,,,
gonzagas,,,,,
goo girl,,,,,
goodpoop,,,,,
gook,,,,,
goregasm,,,,,
gotohell,,,,,
goy,,,,,
goyim,,,,,
greaseball,,,,,
gringo,,,,,
groe,,,,,
grope,,,,,
gross,,,,,
grostulation,,,,,
group sex,,,,,
g-spot,,,,,
gubba,,,,,
gummer,,,,,
gun,,,,,
guro,,,,,
gyp,,,,,
gypo,,,,,
gypp,,,,,
gyppie,,,,,
gyppo,,,,,
gyppy,,,,,
hamas,,,,,
hand job,,,,,
hapa,,,,,
hard core,,,,,
hardcoresex,,,,,
harder,,,,,
hardon,,,,,
harem,,,,,
headfuck,,,,,
headlights,,,,,
hebe,,,,,
heeb,,,,,
hell,,,,,
henhouse,,,,,
hentai,,,,,
heroin,,,,,
herpes,,,,,
heshe,,,,,
heterosexual,,,,,
hijack,,,,,
hijacker,,,,,
hijacking,,,,,
hillbillies,,,,,
hindoo,,,,,
hiscock,,,,,
hitler,,,,,
hitlerism,,,,,
hitlerist,,,,,
hiv,,,,,
ho,,,,,
hoar,,,,,
hoare,,,,,
hobo,,,,,
hodgie,,,,,
hoer,,,,,
hoes,,,,,
hole,,,,,
holestuffer,,,,,
homicide,,,,,
homo,,,,,
homobangers,,,,,
homoerotic,,,,,
homosexual,,,,,
honger,,,,,
honkers,,,,,
honkey,,,,,
honky,,,,,
hooker,,,,,
hookers,,,,,
hooters,,,,,
hore,,,,,
hork,,,,,
horney,,,,,
horniest,,,,,
horny,,,,,
horseshit,,,,,
hosejob,,,,,
hoser,,,1,,
hostage,,,,,
hot carl,,,,,
hot chick,,,,,
hotdamn,,,,,
hotpussy,,,,,
hotsex,,,,,
hottotrot,,,,,
how to kill,,,,,
how to murder,,,,,
huge fat,,,,,
hummer,,,,,
humping,,,,,
husky,,,,,
hussy,,,,,
hustler,,,,,
hymen,,,,,
hymie,,,,,
iblowu,,,,,
idiot,1,,,,
ikey,,,,,
illegal,,,,,
incest,,,,,
insest,,,,,
intercourse,,,,,
interracial,,,,,
intheass,,,,,
inthebuff,,,,,
israel,,,,,
israeli,,,,,
israel's,,,,,
italiano,,,,,
itch,,,,,
jack off,,,,,
jackass,1,,,,
jack-off,,2,,,
jackshit,,,,,
jacktheripper,,,,,
jail bait,,4,,,
jap,,,,,
japanese,,,,,
japcrap,,,,,
jebus,,,,,
jeez,,,,,
jelly donut,,,,,
jerk off,,,,,
jerk-off,,,,,
jesus,,,,,
jesuschrist,,,,,
jew,,,,,
jewish,,,,,
jiga,,,,,
jigaboo,,,,,
jigg,,,,,
jigga,,,,,
jiggabo,,,,,
jiggaboo,,,,,
jiggerboo,,,,,
jiggy,,,,,
jihad,,,,,
jijjiboo,,,,,
jimfish,,,,,
jism,,,,,
jiz,,,3,,
jizim,,3,,,
jizjuice,,3,,,
jizm,,3,,,
jizz,,3,,,
jizzim,,3,,,
jizzum,,3,,,
joint,,,,,
juggalo,,,,,
juggs,,,,,
jugs,,,,,
junglebunny,,,,,
kaffer,,,,,
kaffir,,,,,
kaffre,,,,,
kafir,,,,,
kanake,,,,,
kawk,,,,,
kid,,,,,
kigger,,,,,
kike,,,,,
kill,,,,,
killed,,,,,
killer,,,,,
killing,,,,,
kills,,,,,
kinbaku,,,,,
kink,,,,,
kinkster,,,,,
kinky,,,,,
kissass,,,,,
kkk,,,,,
knife,,,,,
knob,,,,,
knobbing,,,,,
knobead,,,,,
knobed,,,,,
knobend,,,,,
knobhead,,,,,
knobjocky,,,,,
knobjokey,,,,,
knockers,,,,,
kock,,,,,
kondum,,,,,
kondums,,,,,
koon,,,,,
kotex,,,,,
krap,,,,,
krappy,,,,,
kraut,,,,,
kum,,,,,
kumbubble,,,,,
kumbullbe,,,,,
kummer,,,,,
kumming,,,,,
kumquat,,,,,
kums,,,,,
kunilingus,,,,,
kunnilingus,,,,,
kunt,,,,,
ky,,,,,
kyke,,,,,
l3i+ch,,,,,
l3itch,,,,,
labia,,3,,,
lactate,,,,,
got laid,,1,,,
get laid,,1,,,
lapdance,,1,,,
leather restraint,,2,,,
leather straight jacket,,2,,,
lemon party,,3,,,
lesbain,,2,,,
lesbayn,,2,,,
lesbian,,2,,,
lesbin,,2,,,
lesbo,,,,,
lez,,,,,
lezbe,,,,,
lezbefriends,,,,,
lezbo,,,,,
lezz,,,,,
lezzo,,,,,
liberal,,,,,
libido,,,,,
licker,,,,,
lickme,,,,,
lies,,,,,
limey,,,,,
limpdick,,,,,
limy,,,,,
lingerie,,,,,
liquor,,,,,
livesex,,,,,
lmfao,,,,,
loadedgun,,,,,
lolita,,,,,
looser,,,,,
loser,,,,,
lotion,,,,,
lovebone,,,,,
lovegoo,,,,,
lovegun,,,,,
lovejuice,,,,,
lovemaking,,,,,
lovemuscle,,,,,
lovepistol,,,,,
loverocket,,,,,
lowlife,,,,,
lsd,,,,,
lubejob,,,,,
lucifer,,,,,
luckycammeltoe,,,,,
lugan,,,,,
lust,,,,,
lusting,,,,,
lynch,,,,,
m0f0,,,,,
m0fo,,,,,
m45terbate,,,,,
ma5terb8,,,,,
ma5terbate,,,,,
macaca,,,,,
mad,,,,,
mafia,,,,,
magicwand,,,,,
make me come,,,,,
male squirting,,,,,
mams,,,,,
manhater,,,,,
manpaste,,,,,
marijuana,,,,,
masochist,,,,,
mastabate,,,,,
mastabater,,,,,
masterb8,,,,,
masterbat*,,,,,
masterbat3,,,,,
masterbate,,,,,
master-bate,,,,,
masterbation,,,,,
masterbations,,,,,
masterblaster,,,,,
mastrabator,,,,,
masturbate,,,,,
masturbating,,,,,
mattressprincess,,,,,
meatbeatter,,,,,
meatrack,,,,,
menage a trois,,,,,
meth,,,,,
mexican,,,,,
mgger,,,,,
mggor,,,,,
mickeyfinn,,,,,
mideast,,,,,
milf,,,,,
minority,,,,,
missionary position,,,,,
mockey,,,,,
mockie,,,,,
mocky,,,,,
mof0,,,,,
mofo,,,,,
mo-fo,,,,,
moky,,,,,
moles,,,,,
molest,,,,,
molestation,,,,,
molester,,,,,
molestor,,,,,
moneyshot,,,,,
mooncricket,,,,,
mormon,,,,,
moron,,,,,
moslem,,,,,
mosshead,,,,,
mothafuck,2,,,,
mothafucka,2,,,,
mothafuckas,2,,,,
mothafuckaz,2,,,,
mothafucked,2,,,,
mothafucker,3,,,,
mothafuckers,2,,,,
mothafuckin,2,,,,
mothafucking,2,,,,
mothafuckings,2,,,,
mothafucks,2,,,,
mother fucker,3,,,,
motherfuck,2,,,,
motherfucked,2,,,,
motherfuckers,2,,,,
motherfuckin,2,,,,
motherfucking,2,,,,
motherfuckings,2,,,,
motherfuckka,2,,,,
motherfucks,2,,,,
motherlovebone,,,,,
mound of venus,,,,,
mr hands,,,,,
muff,,,,,
muff diver,,,,,
muffdive,,,,,
muffdiving,,,,,
muffindiver,,,,,
mufflikcer,,,,,
mulatto,,,,,
muncher,,,,,
munt,,,,,
murder,,,,,
murderer,,,,,
muslim,,,,,
mutha,,,,,
muthafecker,,,,,
muthafuckker,,,,,
muther,,,,,
mutherfucker,,,,,
n1gga,,,,,
n1gger,,,,,
naked,,,,,
nambla,,,,,
narcotic,,,,,
nasty,,,,,
nastybitch,,,,,
nastyho,,,,,
nastyslut,,,,,
nastywhore,,,,,
nawashi,,,,,
nazi,,,,,
necro,,,,,
negro,,,,,
negroes,,,,,
negroid,,,,,
negro's,,,,,
neonazi,,,,,
nig,,,,,
nig nog,,,,,
niger,,,,,
nigerian,,,,,
nigerians,,,,,
nigg,,,4,,
nigg3r,,,4,,
nigg4h,,,4,,
nigga,,,4,,
niggah,,,4,,
niggaracci,,,4,,
niggard,,,4,,
niggarded,,,4,,
niggarding,,,4,,
niggardliness,,,4,,
niggardliness's,,,4,,
niggardly,,,3,,
niggards,,,4,,
niggard's,,,4,,
niggas,,,4,,
niggaz,,,4,,
nigger,,,4,,
niggerhead,,,4,,
niggerhole,,,4,,
niggers,,,4,,
nigger's,,,4,,
niggle,,,4,,
niggled,,,4,,
niggles,,,4,,
niggling,,,4,,
nigglings,,,4,,
niggor,,,4,,
niggur,,,4,,
niglet,,,4,,
nigr,,,4,,
nigra,,,3,,
nigre,,,3,,
nimphomania,,,,,
nip,,,,,
nipple,,,,,
nipplering,,,,,
nipples,,,,,
nittit,,,,,
nlgger,,,,,
nlggor,,,,,
nob,,,,,
nob jokey,,,,,
nobhead,,,,,
nobjocky,,,,,
nofuckingway,,,,,
nook,,,,,
nookey,,,,,
nookie,,,,,
noonan,,,,,
nooner,,,,,
nsfw images,,,,,
nude,,,,,
nudger,,,,,
nudity,,,,,
nuke,,,,,
numbnuts,,,,,
nutfucker,,,,,
nutsack,,,,,
nymph,,,,,
nympho,,,,,
nymphomania,,,,,
octopussy,,,,,
omorashi,,,,,
one cup two girls,,,,,
one guy one jar,,,,,
ontherag,,,,,
oral,,,,,
orga,,,,,
orgasim,,,,,
orgasims,,,,,
orgasm,,,,,
orgasms,,,,,
orgies,,,,,
orgy,,,,,
osama,,,,,
p0rn,,,,,
paedophile,,,,,
paki,,,,,
palesimian,,,,1,
palestinian,,,,1,
pansies,,,,,
pansy,,,,,
panti,,1,,,
panties,,,,,
panty,,1,,,
pawn,,,,,
payo,,,,,
pearlnecklace,,,,,
peck,,,,,
pecker,,,,,
peckerwood,,,,,
pedobear,,,,,
pedophile,,,,,
pee,,,,,
peehole,,,,,
pee-pee,,,,,
peepshow,,,,,
peepshpw,,,,,
pegging,,,,,
pendy,,,,,
penetration,,,,,
peni5,,,,,
penile,,,,,
penis,,,,,
penises,,,,,
penisfucker,,,,,
penthouse,,,,,
period,,,,,
perv,,,,,
phone sex,,,,,
phuck,,,,,
phuk,,,,,
phuked,,,,,
phuking,,,,,
phukked,,,,,
phukking,,,,,
phuks,,,,,
phungky,,,,,
phuq,,,,,
pi55,,,,,
picaninny,,,3,,
piccaninny,,,3,,
pickaninny,,,3,,
piece of shit,,,,,
pigfucker,,,,,
piker,,,,,
pikey,,,,,
piky,,,,,
pimp,,,,,
pimped,,,,,
pimper,,,,,
pimpis,,,,,
pimpjuic,,,,,
pimpjuice,,,,,
pimpsimp,,,,,
pindick,,,,,
piss,,,,,
piss pig,,,,,
pissed,,,,,
pisser,,,,,
pissers,,,,,
pisses,,,,,
pissflaps,,,,,
pisshead,,,,,
pissin,,,,,
pissing,,,,,
pissoff,,,,,
pistol,,,,,
pixie,,,,,
pixy,,,,,
playboy,,,,,
playgirl,,,,,
pleasure chest,,,,,
pocha,,,,,
pocho,,,,,
pocketpool,,,,,
pohm,,,,,
polack,,,,,
pole smoker,,,,,
pom,,,,,
pommie,,,,,
pommy,,,,,
ponyplay,,,,,
poo,,,,,
poof,,,,,
poon,,,,,
poontang,,,,,
poop,,,,,
poop chute,,,,,
pooper,,,,,
pooperscooper,,,,,
pooping,,,,,
poorwhitetrash,,,,,
popimp,,,,,
porchmonkey,,,,,
porn,,,,,
pornflick,,,,,
pornking,,,,,
porno,,,,,
pornography,,,,,
pornos,,,,,
pornprincess,,,,,
pot,,,,1,
,,,,,
premature,,,,,
,,,,,
prick,,,,,
prickhead,,,,,
pricks,,,,,
primetime,,,,,
prince albert piercing,,,,,
,,,,,
propaganda,,,,,
,,,,,
prostitute,,,,,
protestant,,,,,
pthc,,,,,
pu55i,,,,,
pu55y,,,,,
pube,,,,,
pubes,,,,,
pubic,,,,,
pubiclice,,,,,
pud,,,,,
pudboy,,,,,
pudd,,,,,
puddboy,,,,,
puke,,,,,
punany,,,,,
puntang,,,,,
purinapricness,,,,,
puss,,,,,
pusse,,,,,
pussi,,,,,
pussie,,,,,
pussies,,,,,
pussy,,,,,
pussycat,,,,,
pussyeater,,,,,
pussyfucker,,,,,
pussylicker,,,,,
pussylips,,,,,
pussylover,,,,,
pussypounder,,,,,
pussys,,,,,
pusy,,,,,
quashie,,,,,
queaf,,,,,
queef,,,,,
queer,,,,,
quickie,,,,,
quim,,,,,
ra8s,,,,,
rabbi,,,,,
racial,,,,,
racist,,,,,
radical,,,,,
radicals,,,,,
raghead,,,,,
raging boner,,,,,
randy,,,,,
rape,,,,,
raped,,,,,
raper,,,,,
raping,,,,,
rapist,,,,,
rearend,,,,,
rearentry,,,,,
rectum,,,,,
redlight,,,,,
redneck,,,,,
reefer,,,,,2
reestie,,,,,
refugee,,,1,,
reject,,,,,
remains,,,,,
rentafuck,,,,,
rere,,,,,
retard,,,,,
retarded,,,,,
reverse cowgirl,,,,,
ribbed,,,,,
rigger,,,,,
rimjaw,,,,,
rimjob,,,,,
rimming,,,,,
roach,,,,,
robber,,,,,
rosy palm,,,,,
rosy palm and her 5 sisters,,,,,
roundeye,,,,,
rump,,,,,
russki,,,,,
russkie,,,,,
rusty trombone,,,,,
shit,,,,,
s&m,,,,,
s.o.b.,,,,,
,,,,,
sadis,,,,,
sadism,,,,,
sadist,,,,,
sadom,,,,,
samckdaddy,,,,,
sand nigger,,,4,,
sandm,,,,,
santorum,,,,,
satan,,,,,
scag,,,,,
scat,,,,,
schlong,,,,,
scissoring,,,,,
screw,,,,,
screw you,,,,,
screwing,,,,,
scroat,,,,,
scrote,,,,,
scrotum,,,,,
scum,,,,,
semen,,,,,
seppo,,,,,
servant,,,,,
sex,,,,,
sexed,,,,,
sexfarm,,,,,
sexhound,,,,,
sexhouse,,,,,
sexing,,,,,
sexkitten,,,,,
sexo,,,,,
sexpot,,,,,
sexslave,,,,,
sextogo,,,,,
sextoy,,,,,
sextoys,,,,,
sexual,,,,,
sexually,,,,,
sexwhore,,,,,
sexy,,,,,
sexymoma,,,,,
sexy-slim,,,,,
sh!+,,,,,
sh!t,,,,,
sh1t,,,,,
shag,,,,,
shagger,,,,,
shaggin,,,,,
shagging,,,,,
shat,,,,,
shav,,,,,
shaved beaver,,,,,
shaved pussy,,,,,
shawtypimp,,,,,
sheeney,,,,,
shemale,,,,,
shhit,,,,,
shi+,,,,,
shibari,,,,,
shinola,,,,,
shitblimp,,,,,
shitcan,,,,,
shitdick,,,,,
shite,,,,,
shiteater,,,,,
shited,,,,,
shitey,,,,,
shitface,,,,,
shitfaced,,,,,
shitfit,,,,,
shitforbrains,,,,,
shitfuck,,,,,
shitfucker,,,,,
shitfull,,,,,
shithead,,,,,
shithouse,,,,,
shiting,,,,,
shitings,,,,,
shitlist,,,,,
shitola,,,,,
shits,,,,,
shitstain,,,,,
shitted,,,,,
shitter,,,,,
shitters,,,,,
shitting,,,,,
shittings,,,,,
shitty,,,,,
shoot,,,,,
shooting,,,,,
shortfuck,,,,,
shota,,,,,
showtime,,,,,
shrimping,,,,,
sick,,,,,
sissy,,,,,
sixsixsix,,,,,
sixtynine,,,,,
skank,,,,,
skankbitch,,,,,
skankfuck,,,,,
skankwhore,,,,,
skanky,,,,,
skankybitch,,,,,
skankywhore,,,,,
skeet,,,,,
skinflute,,,,,
skum,,,,,
skumbag,,,,,
slant,,,,,
slanteye,,,,,
slapper,,,,,
slaughter,,,,,
slav,,,,,
slave,,,,,
slavedriver,,,,,
sleezebag,,,,,
sleezeball,,,,,
slideitin,,,,,
slime,,,,,
slimeball,,,,,
slimebucket,,,,,
slopehead,,,,,
slopey,,,,,
slopy,,,,,
slut,,,,,
sluts,,,,,
slutt,,,,,
slutting,,,,,
slutty,,,,,
slutwear,,,,,
slutwhore,,,,,
smack,,,,,
smackthemonkey,,,,,
smegma,,,,,
smut,,,,,
snatch,,,,,
snatchpatch,,,,,
snigger,,,,,
sniggered,,,,,
sniggering,,,,,
sniggers,,,,,
snigger's,,,,,
sniper,,,,,
snot,,,,,
snowback,,,,,
snowballing,,,,,
snownigger,,,,,
sob,,,,,
sodom,,,,,
sodomise,,,,,
sodomite,,,,,
sodomize,,,,,
sodomy,,,,,
sonofabitch,,,,,
son-of-a-bitch,,,,,
sonofbitch,,,,,
sooty,,,,,
sos,,,,,
soviet,,,,,
spac,,,,,
spaghettibender,,,,,
spaghettinigger,,,,,
spank,,,,,
spankthemonkey,,,,,
sperm,,,,,
spermacide,,,,,
spermbag,,,,,
spermhearder,,,,,
spermherder,,,,,
spic,,,,,
spick,,,,,
spig,,,,,
spigotty,,,,,
spik,,,,,
spit,,,,,
spitter,,,,,
splittail,,,,,
splooge,,,,,
splooge moose,,,,,
spooge,,,,,
spread legs,,,,,
spreadeagle,,,,,
spunk,,,,,
spunky,,,,,
squaw,,,,,
stagg,,,,,
stiffy,,,,,
strap on,,,,,
strappado,,,,,
stringer,,,,,
strip club,,,,,
stroke,,,,,
stroking,,,,,
stupid,,,,,
stupidfuck,,,,,
stupidfucker,,,,,
style doggy,,,,,
suck,,,,,
suckdick,,,,,
sucker,,,,,
suckme,,,,,
suckmyass,,,,,
suckmydick,,,,,
suckmytit,,,,,
suckoff,,,,,
sucks,,,,,
suicide,,,,,
suicide girls,,,,,
sultry women,,,,,
swallow,,,,,
swallower,,,,,
swalow,,,,,
swastika,,,,,
sweetness,,,,,
swinger,,,,,
syphilis,,,,,
t1tt1e5,,,,,
t1tties,,,,,
taboo,,,,,
taff,,,,,
tainted love,,,,,
tampon,,,,,
tang,,,,,
tantra,,,,,
tarbaby,,,,,
tard,,,,,
taste my,,,,,
tea bagging,,,,,
teat,,,,,
teets,,,,,
teez,,,,,
terror,,,,,
terrorist,,,,,
teste,,,,,
testical,,,,,
testicle,,,,,
testicles,,,,,
thicklips,,,,,
thirdeye,,,,,
thirdleg,,,,,
threesome,,,,,
threeway,,,,,
throating,,,,,
tied up,,,,,
tight white,,,,,
timbernigger,,,,,
tinkle,,,,,
tit,,,,,
titbitnipply,,,,,
titfuck,,,,,
titfucker,,,,,
titfuckin,,,,,
titjob,,,,,
titlicker,,,,,
titlover,,,,,
tits,,,,,
titt,,,,,
tittie,,,,,
tittie5,,,,,
tittiefucker,,,,,
titties,,,,,
titty,,,,,
tittyfuck,,,,,
tittywank,,,,,
titwank,,,,,
tnt,,,,,
toilet,,,,,
tongethruster,,,,,
tongue,,,,,
tongue in a,,,,,
tonguethrust,,,,,
tonguetramp,,,,,
topless,,,,,
tortur,,,,,
torture,,,,,
tosser,,,,,
towelhead,,,,,
trailertrash,,,,,
tramp,,,,,
trannie,,,,,
tranny,,,,,
transexual,,,,,
transsexual,,,,,
transvestite,,,,,
tribadism,,,,,
triplex,,,,,
trisexual,,,,,
trojan,,,,,
trots,,,,,
tub girl,,,,,
tuckahoe,,,,,
tunneloflove,,,,,
turd,,,,,
turnon,,,,,
tushy,,,,,
tw4t,,,,,
twat,,,,,
twathead,,,,,
twatty,,,,,
twink,,,,,
twinkie,,,,,
two girls one cup,,,,,
twobitwhore,,,,,
twunt,,,,,
twunter,,,,,
uck,,,,,
uk,,,,,
undressing,,,,,
unfuckable,,,,,
upskirt,,,,,
uptheass,,,,,
upthebutt,,,,,
urethra play,,,,,
urinary,,,,,
urinate,,,,,
urine,,,,,
urophilia,,,,,
usama,,,,,
uterus,,,,,
v14gra,,,,,
v1gra,,,,,
vagina,,,,,
vaginal,,,,,
vatican,,,,,
venus mound,,,,,
viagra,,,,,
vibr,,,,,
vibrater,,,,,
vibrator,,,,,
vietcong,,,,,
violence,,,,,
violet wand,,,,,
virgin,,,,,
virginbreaker,,,,,
vomit,,,,,
vorarephilia,,,,,
voyeur,,,,,
vulva,,,,,
w00se,,,,,
wab,,,,,
wang,,,,,
wank,,,,,
wanker,,,,,
wanking,,,,,
wanky,,,,,
waysted,,,,,
weapon,,,,,
weenie,,,,,
weewee,,,,,
welcher,,,,,
welfare,,,,,
wet dream,,,,,
wetb,,,,,
wetback,,,,,
wetspot,,,,,
whacker,,,,,
whash,,,,,
whigger,,,,,
whiskey,,,,,
whiskeydick,,,,,
whiskydick,,,,,
whit,,,,,
white power,,,,,
whitenigger,,,,,
whites,,,,,
whitetrash,,,,,
whitey,,,,,
whiz,,,,,
whoar,,,,,
whop,,,,,
whore,,,,,
whorefucker,,,,,
whorehouse,,,,,
wigger,,,,,
,,,,,
,,,,,
williewanker,,,,,
willy,,,,,
wn,,,,,
wog,,,,,
women's,,,,,
wop,,,,,
wrapping men,,,,,
wrinkled starfish,,,,,
wtf,1,,,,
wuss,,,,,
wuzzie,,,,,
xrated,,,,,
xtc,,,,,
xx,,,,,
xxx,,,,,
yankee,,,,,
yaoi,,,,,
yellow showers,,,,,
yellowman,,,,,
yiffy,,,,,
zigabo,,,,,
zipperhead,,,,,
zoophilia,,,,,
a55,,,,,
a55hole,,,,,
aeolus,,,,,
ahole,,,,,
anal,,,,,
analprobe,,,,,
anilingus,,,,,
anus,,,,,
areola,,,,,
areole,,,,,
arian,,,,,
aryan,,,,,
ass,,,,,
assbang,,,,,
assbanged,,,,,
assbangs,,,,,
asses,,,,,
assfuck,,,,,
assfucker,,,,,
assh0le,,,,,
asshat,,,,,
assho1e,,,,,
ass hole,,,,,
assholes,,,,,
assmaster,,,,,
assmunch,,,,,
asswipe,,,,,
asswipes,,,,,
azazel,,,,,
azz,,,,,
b1tch,,,,,
babe,,,,,
babes,,,,,
ballsack,,,,,
bang,,,,,
banger,,,,,
barf,,,,,
bastard,,,,,
bastards,,,,,
bawdy,,,,,
beaner,,,,,
beardedclam,,,,,
beastiality,,,,,
beatch,,,,,
beater,,,,,
beaver,,,,,
beer,,,,,
beeyotch,,,,,
beotch,,,,,
biatch,,,,,
bigtits,,,,,
big tits,,,,,
bimbo,,,,,
bitch,,,,,
bitched,,,,,
bitches,,,,,
bitchy,,,,,
blow job,,,,,
blow,,,,,
blowjob,,,,,
blowjobs,,,,,
bod,,,,,
bodily,,,,,
boink,,,,,
bollock,,,,,
bollocks,,,,,
bollok,,,,,
bone,,,,,
boned,,,,,
boner,,,,,
boners,,,,,
bong,,,,,
boob,,,,,
boobies,,,,,
boobs,,,,,
booby,,,,,
booger,,,,,
bookie,,,,,
bootee,,,,,
bootie,,,,,
booty,,,,,
booze,,,,,
boozer,,,,,
boozy,,,,,
bosom,,,,,
bosomy,,,,,
bowel,,,,,
bowels,,,,,
bra,,,,,
brassiere,,,,,
breast,,,,,
breasts,,,,,
bugger,,,,,
bukkake,,,,,
bullshit,,,,,
bull shit,,,,,
bullshits,,,,,
bullshitted,,,,,
bullturds,,,,,
bung,,,,,
busty,,,,,
butt,,,,,
butt fuck,,,,,
buttfuck,,,,,
buttfucker,,,,,
buttfucker,,,,,
buttplug,,,,,
c.0.c.k,,,,,
c.o.c.k.,,,,,
c.u.n.t,,,,,
c0ck,,,,,
c-0-c-k,,,,,
caca,,,,,
cahone,,,,,
cameltoe,,,,,
carpetmuncher,,,,,
cawk,,,,,
cervix,,,,,
chinc,,,,,
chincs,,,,,
chink,,,,,
chink,,,,,
chode,,,,,
chodes,,,,,
cl1t,,,,,
climax,,,,,
clit,,,,,
clitoris,,,,,
clitorus,,,,,
clits,,,,,
clitty,,,,,
cocain,,,,,
cocaine,,,,,
cock,,,,,
c-o-c-k,,,,,
cockblock,,,,,
cockholster,,,,,
cockknocker,,,,,
cocks,,,,,
cocksmoker,,,,,
cocksucker,,,,,
cock sucker,,,,,
coital,,,,,
commie,,,,,
condom,,,,,
coon,,,,,
coons,,,,,
corksucker,,,,,
crabs,,,,,
crack,,,,,
cracker,,,,,
crackwhore,,,,,
crap,,,,,
crappy,,,,,
cum,,,,,
cummin,,,,,
cumming,,,,,
cumshot,,,,,
cumshots,,,,,
cumslut,,,,,
cumstain,,,,,
cunilingus,,,,,
cunnilingus,,,,,
cunny,,,,,
cunt,,,,,
cunt,,,,,
c-u-n-t,,,,,
cuntface,,,,,
cunthunter,,,,,
cuntlick,,,,,
cuntlicker,,,,,
cunts,,,,,
d0ng,,,,,
d0uch3,,,,,
d0uche,,,,,
d1ck,,,,,
d1ld0,,,,,
d1ldo,,,,,
dago,,,,,
dagos,,,,,
dammit,,,,,
damn,,,,,
damned,,,,,
damnit,,,,,
dawgie-style,,,,,
dick,,,,,
dickbag,,,,,
dickdipper,,,,,
dickface,,,,,
dickflipper,,,,,
dickhead,,,,,
dickheads,,,,,
dickish,,,,,
dick-ish,,,,,
dickripper,,,,,
dicksipper,,,,,
dickweed,,,,,
dickwhipper,,,,,
dickzipper,,,,,
diddle,,,,,
dike,,,,,
dildo,,,,,
dildos,,,,,
diligaf,,,,,
dillweed,,,,,
dimwit,,,,,
dingle,,,,,
dipship,,,,,
doggie-style,,,,,
doggy-style,,,,,
dong,,,,,
doofus,,,,,
doosh,,,,,
dopey,,,,,
douch3,,,,,
douche,,,,,
douchebag,,,,,
douchebags,,,,,
douchey,,,,,
drunk,,,,,
dumass,,,,,
dumbass,,,,,
dumbasses,,,,,
dummy,,,,,
dyke,,,,,
dykes,,,,,
ejaculate,,,,,
enlargement,,,,,
erect,,,,,
erection,,,,,
erotic,,,,,
essohbee,,,,,
extacy,,,,,
extasy,,,,,
f.u.c.k,,,,,
fack,,,,,
fag,,,,,
fagg,,,,,
fagged,,,,,
faggit,,,,,
faggot,,,,,
fagot,,,,,
fags,,,,,
faig,,,,,
faigt,,,,,
fannybandit,,,,,
fart,,,,,
fartknocker,,,,,
fat,,,,,
felch,,,,,
felcher,,,,,
felching,,,,,
fellate,,,,,
fellatio,,,,,
feltch,,,,,
feltcher,,,,,
fisted,,,,,
fisting,,,,,
fisty,,,,,
floozy,,,,,
foad,,,,,
fondle,,,,,
foobar,,,,,
foreskin,,,,,
freex,,,,,
frigg,,,,,
frigga,,,,,
fubar,,,,,
fuck,,,,,
f-u-c-k,,,,,
fuckass,,,,,
fucked,,,,,
fucked,,,,,
fucker,,,,,
fuckface,,,,,
fuckin,,,,,
fucking,,,,,
fucknugget,,,,,
fucknut,,,,,
fuckoff,,,,,
fucks,,,,,
fucktard,,,,,
fuck-tard,,,,,
fuckup,,,,,
fuckwad,,,,,
fuckwit,,,,,
fudgepacker,,,,,
fuk,,,,,
fvck,,,,,
fxck,,,,,
gae,,,,,
gai,,,,,
ganja,,,,,
gay,,,,,
gays,,,,,
gey,,,,,
gfy,,,,,
ghay,,,,,
ghey,,,,,
gigolo,,,,,
glans,,,,,
goatse,,,,,
godamn,,,,,
godamnit,,,,,
goddam,,,,,
goddammit,,,,,
goddamn,,,,,
goldenshower,,,,,
gonad,,,,,
gonads,,,,,
gook,,,,,
gooks,,,,,
gringo,,,,,
gspot,,,,,
g-spot,,,,,
gtfo,,,,,
guido,,,,,
h0m0,,,,,
h0mo,,,,,
handjob,,,,,
hard on,,,,,
he11,,,,,
hebe,,,,,
heeb,,,,,
hell,,,,,
hemp,,,,,
heroin,,,,,
herp,,,,,
herpes,,,,,
herpy,,,,,
hitler,,,,,
hiv,,,,,
hobag,,,,,
hom0,,,,,
homey,,,,,
homo,,,,,
homoey,,,,,
honky,,,,,
hooch,,,,,
hookah,,,,,
hooker,,,,,
hoor,,,,,
hootch,,,,,
hooter,,,,,
hooters,,,,,
horny,,,,,
hump,,,,,
humped,,,,,
humping,,,,,
hussy,,,,,
hymen,,,,,
inbred,,,,,
incest,,,,,
injun,,,,,
j3rk0ff,,,,,
jackass,,,,,
jackhole,,,,,
jackoff,,,,,
jap,,,,,
japs,,,,,
jerk,,,,,
jerk0ff,,,,,
jerked,,,,,
jerkoff,,,,,
jism,,,,,
jiz,,,,,
jizm,,,,,
jizz,,,,,
jizzed,,,,,
junkie,,,,,
junky,,,,,
kike,,,,,
kikes,,,,,
kill,,,,,
kinky,,,,,
kkk,,,,,
klan,,,,,
knobend,,,,,
kooch,,,,,
kooches,,,,,
kootch,,,,,
kraut,,,,,
kyke,,,,,
labia,,,,,
lech,,,,,
leper,,,,,
lesbians,,,,,
lesbo,,,,,
lesbos,,,,,
lez,,,,,
lezbian,,,,,
lezbians,,,,,
lezbo,,,,,
lezbos,,,,,
lezzie,,,,,
lezzies,,,,,
lezzy,,,,,
lmao,,,,,
lmfao,,,,,
loin,,,,,
loins,,,,,
lube,,,,,
lusty,,,,,
mams,,,,,
massa,,,,,
masterbate,,,,,
masterbating,,,,,
masterbation,,,,,
masturbate,,,,,
masturbating,,,,,
masturbation,,,,,
maxi,,,,,
menses,,,,,
menstruate,,,,,
menstruation,,,,,
meth,,,,,
m-fucking,,,,,
mofo,,,,,
molest,,,,,
moolie,,,,,
moron,,,,,
motherfucka,,,,,
motherfucker,,,,,
motherfucking,,,,,
mtherfucker,,,,,
mthrfucker,,,,,
mthrfucking,,,,,
muff,,,,,
muffdiver,,,,,
murder,,,,,
muthafuckaz,,,,,
muthafucker,,,,,
mutherfucker,,,,,
mutherfucking,,,,,
muthrfucking,,,,,
nad,,,,,
nads,,,,,
naked,,,,,
napalm,,,,,
nappy,,,,,
nazi,,,,,
nazism,,,,,
negro,,,,,
nigga,,,,,
niggah,,,,,
niggas,,,,,
niggaz,,,,,
nigger,,,,,
nigger,,,,,
niggers,,,,,
niggle,,,,,
niglet,,,,,
nimrod,,,,,
ninny,,,,,
nipple,,,,,
nooky,,,,,
nympho,,,,,
opiate,,,,,
opium,,,,,
oral,,,,,
orally,,,,,
organ,,,,,
orgasm,,,,,
orgasmic,,,,,
orgies,,,,,
orgy,,,,,
ovary,,,,,
ovum,,,,,
ovums,,,,,
p.u.s.s.y.,,,,,
paddy,,,,,
paki,,,,,
pantie,,,,,
panties,,,,,
panty,,,,,
pastie,,,,,
pasty,,,,,
pcp,,,,,
pecker,,,,,
pedo,,,,,
pedophile,,,,,
pedophilia,,,,,
pedophiliac,,,,,
pee,,,,,
peepee,,,,,
penetrate,,,,,
penetration,,,,,
penial,,,,,
penile,,,,,
penis,,,,,
perversion,,,,,
peyote,,,,,
phalli,,,,,
phallic,,,,,
phuck,,,,,
pillowbiter,,,,,
pimp,,,,,
pinko,,,,,
piss,,,,,
pissed,,,,,
pissoff,,,,,
piss-off,,,,,
pms,,,,,
polack,,,,,
pollock,,,,,
poon,,,,,
poontang,,,,,
porn,,,,,
porno,,,,,
pornography,,,,,
pot,,,,,
potty,,,,,
prick,,,,,
prig,,,,,
prostitute,,,,,
prude,,,,,
pube,,,,,
pubic,,,,,
pubis,,,,,
punkass,,,,,
punky,,,,,
puss,,,,,
pussies,,,,,
pussy,,,,,
pussypounder,,,,,
puto,,,,,
queaf,,,,,
queef,,,,,
queef,,,,,
queer,,,,,
queero,,,,,
queers,,,,,
quicky,,,,,
quim,,,,,
racy,,,,,
rape,,,,,
raped,,,,,
raper,,,,,
rapist,,,,,
raunch,,,,,
rectal,,,,,
rectum,,,,,
rectus,,,,,
reefer,,,,,
reetard,,,,,
reich,,,,,
retard,,,,,
retarded,,,,,
revue,,,,,
rimjob,,,,,
ritard,,,,,
rtard,,,,,
r-tard,,,,,
rum,,,,,
rump,,,,,
rumprammer,,,,,
ruski,,,,,
s.h.i.t.,,,,,
s.o.b.,,,,,
s0b,,,,,
sadism,,,,,
sadist,,,,,
scag,,,,,
scantily,,,,,
schizo,,,,,
schlong,,,,,
screw,,,,,
screwed,,,,,
scrog,,,,,
scrot,,,,,
scrote,,,,,
scrotum,,,,,
scrud,,,,,
scum,,,,,
seaman,,,,,
seamen,,,,,
seduce,,,,,
semen,,,,,
sex,,,,,
sexual,,,,,
sh1t,,,,,
s-h-1-t,,,,,
shamedame,,,,,
shit,,,,,
s-h-i-t,,,,,
shite,,,,,
shiteater,,,,,
shitface,,,,,
shithead,,,,,
shithole,,,,,
shithouse,,,,,
shits,,,,,
shitt,,,,,
shitted,,,,,
shitter,,,,,
shitty,,,,,
shiz,,,,,
sissy,,,,,
skag,,,,,
skank,,,,,
slave,,,,,
sleaze,,,,,
sleazy,,,,,
slut,,,,,
slutdumper,,,,,
slutkiss,,,,,
sluts,,,,,
smegma,,,,,
smut,,,,,
smutty,,,,,
snatch,,,,,
sniper,,,,,
snuff,,,,,
s-o-b,,,,,
sodom,,,,,
souse,,,,,
soused,,,,,
sperm,,,,,
spic,,,,,
spick,,,,,
spik,,,,,
spiks,,,,,
spooge,,,,,
spunk,,,,,
steamy,,,,,
stfu,,,,,
stiffy,,,,,
stoned,,,,,
strip,,,,,
stroke,,,,,
stupid,,,,,
suck,,,,,
sucked,,,,,
sucking,,,,,
sumofabiatch,,,,,
t1t,,,,,
tampon,,,,,
tard,,,,,
tawdry,,,,,
teabagging,,,,,
teat,,,,,
terd,,,,,
teste,,,,,
testee,,,,,
testes,,,,,
testicle,,,,,
testis,,,,,
thrust,,,,,
thug,,,,,
tinkle,,,,,
tit,,,,,
titfuck,,,,,
titi,,,,,
tits,,,,,
tittiefucker,,,,,
titties,,,,,
titty,,,,,
tittyfuck,,,,,
tittyfucker,,,,,
toke,,,,,
toots,,,,,
tramp,,,,,
transsexual,,,,,
trashy,,,,,
tubgirl,,,,,
turd,,,,,
tush,,,,,
twat,,,,,
twats,,,,,
ugly,,,,,
undies,,,,,
unwed,,,,,
urinal,,,,,
urine,,,,,
uterus,,,,,
uzi,,,,,
vag,,,,,
vagina,,,,,
valium,,,,,
viagra,,,,,
virgin,,,,,
vixen,,,,,
vodka,,,,,
vomit,,,,,
voyeur,,,,,
vulgar,,,,,
vulva,,,,,
wad,,,,,
wang,,,,,
wank,,,,,
wanker,,,,,
wazoo,,,,,
wedgie,,,,,
weed,,,,,
weenie,,,,,
weewee,,,,,
weiner,,,,,
weirdo,,,,,
wench,,,,,
wetback,,,,,
wh0re,,,,,
wh0reface,,,,,
whitey,,,,,
whiz,,,,,
whoralicious,,,,,
whore,,,,,
whorealicious,,,,,
whored,,,,,
whoreface,,,,,
whorehopper,,,,,
whorehouse,,,,,
whores,,,,,
whoring,,,,,
wigger,,,,,
womb,,,,,
woody,,,,,
wop,,,,,
wtf,,,,,
x-rated,,,,,
xxx,,,,,
yeasty,,,,,
yobbo,,,,,
zoophile,,,,,
